{"auc_before": 0.8733701861518105, "brier_before": 0.13999523355113278, "auc_after": 0.8733667474581507, "brier_after": 0.04835869134053634}