{"mean_auc": 0.8642081623256994, "std_auc": 0.002997313406250463}